IV1 1LU,57.4804102,-4.2267802
G1 1LQ,55.8576767,-4.2439881
EH3 9DF,55.9458386,-3.1996038
EH1 1NA,55.9489686,-3.1844236
FK2 7LL,56.0117294,-3.7921077
EH44 6PD,55.6164178,-3.0647719
EH41 3DX,55.9551194,-2.7789961
CB1 7BN,52.1893122,0.1382672
G1 5HZ,55.8549026,-4.2497241
G1 5HZ,55.8549026,-4.2497241
G12 9NY,55.8798032,-4.3019123
G2 3JD,55.8660324,-4.2661907
G20 9JL,55.8885196,-4.2671339
G42 8XN,55.8356424,-4.2629527
G5 9DS,55.8509272,-4.2528334
G1 5HD,55.8569506,-4.2468384
HS2 9JG,58.2002098,-7.0107555
AB45 3SX,57.6609742,-2.5212685
DD1 1DA,56.4626157,-2.9707281
EH8 8BG,55.9518711,-3.1834713
KY5 0NE,56.1502505,-3.2675707
TD6 9SA,55.5993304,-2.7259212
G1 5HD,55.8569506,-4.2468384
G31 3PD,55.8620543,-4.2081874
ZE1 0DE,60.1576255,-1.1547753
KW17 2JS,59.0214578,-3.1895705
EH32 9AT,55.9623506,-2.9783323
EH10 5QA,55.9208824,-3.2227878
G71 8DD,55.8028729,-4.0697477
EH3 5DZ,55.9618944,-3.2006452
DD1 3BH,56.4601017,-2.9612843
IV30 1TB,57.6436575,-3.3306562
IV63 6UA,57.3394219,-4.5033258
EH6 6ET,55.9760261,-3.1738569
HS6 5HD,57.5524438,-7.3346524
DD2 5BD,56.461602,-3.0637233
EH6 8RJ,55.9628554,-3.1727052
EH3 5BJ,55.960055,-3.2059063
G11 5PR,55.8720657,-4.3028291
G3 6BY,55.8696491,-4.2805795
G40 3RA,55.8492482,-4.212637
G41 2LH,55.8406514,-4.2725397
PA16 8TU,55.9480304,-4.7744665
EH1 1SR,55.950789,-3.1847995
FK1 1YR,55.9944391,-3.7672562
EH4 4DQ,55.9727278,-3.242658
KY1 4RQ,56.1610648,-3.0652384
EH10 5DT,55.9333255,-3.2138956
G12 8PZ,55.8749289,-4.2876195
G1 4AX,55.8562425,-4.2555699
EH5 7SU,55.9771516,-3.2316068
G42 9RW,55.824088,-4.267151
KY12 0AE,56.0752723,-3.4492122
G2 3JD,55.8660324,-4.2661907
G3 8QW,55.8681078,-4.3030103
G1 1NQ,55.8589853,-4.2451662
EH41 3HA,55.9548996,-2.7810737
FK1 4HA,56.0044355,-3.8121866
TD6 0SA,55.5775681,-2.6738752
KY5 0NE,56.1502505,-3.2675707
AB51 3WA,57.2833421,-2.3897689
HS7 5PJ,57.4255752,-7.3585547
ZE1 0QD,60.153072,-1.1574498
EH54 6AE,55.8923953,-3.5191434
FK10 1EX,56.1120626,-3.7969305
AB16 7AU,57.1622682,-2.1469119
PH1 5GD,56.3977915,-3.431747
PA34 4EF,56.4074498,-5.4610994
IV30 1BX,57.6485424,-3.311935
G13 1SP,55.8850108,-4.3336747
KA1 2BE,55.6095093,-4.5022186
DG2 0EL,55.0851779,-3.6456697
IV15 9HU,57.5967183,-4.4233848
EH22 3ZG,55.8872907,-3.0390359
ML5 3BT,55.8637307,-4.0218128
ML3 0AE,55.7792041,-4.0502496
KA7 1DR,55.4614717,-4.6385791
DD1 3RB,56.459388,-2.9675625
FK8 1DE,56.1205984,-3.9429784
KW15 1NY,58.9814806,-2.9568248
EH8 8BG,55.9518711,-3.1834713
G64 2NQ,55.9080637,-4.2184985
G78 1SY,55.8018668,-4.3879122
KA12 8RU,55.6220418,-4.6703785
PA1 1LE,55.8455965,-4.4176077
PA15 1HU,55.9472799,-4.7538449
EH1 2JU,55.9475172,-3.1969975
DG1 1JQ,55.0740757,-3.6075437
DD1 4DY,56.4572565,-2.9747291
AB11 6FS,57.1426954,-2.1002026
EH10 7DS,55.8944333,-3.2178139
HS1 2BS,58.2069695,-6.3846445
IV2 6AA,57.4538439,-4.2117786
EH8 8BG,55.9518711,-3.1834713
EH2 1AW,55.9552877,-3.1944185
G2 4JR,55.8654895,-4.2688282
EH12 5EZ,55.9454853,-3.2200245
G1 2ER,55.8608422,-4.2537111
G2 3JD,55.8660324,-4.2661907
G2 3JD,55.8660324,-4.2661907
EH3 5EJ,55.9616089,-3.1976729
EH10 4DG,55.9357223,-3.2095683
PH15 2BB,56.6189835,-3.8675461
EH4 1QA,55.955714,-3.2133311
EH3 7AA,55.9475425,-3.2146127
G41 2JG,55.839808,-4.2734329
G41 5HH,55.844375,-4.2859676
EH1 1SR,55.950789,-3.1847995
EH15 2AU,55.9523942,-3.1118844
EH10 5DT,55.9333255,-3.2138956
EH16 4NT,55.9353327,-3.1314213
G84 0PE,56.0336565,-4.8629072
FK8 1RN,56.1303932,-3.9526927
TD8 6SD,55.4774053,-2.5598515
EH42 1NP,55.999051,-2.5376947
EH3 9JZ,55.9426484,-3.2024032
EH3 5JE,55.961579,-3.2099264
G3 7DN,55.8651895,-4.2724227
G4 0HW,55.8669013,-4.2551011
G41 2AG,55.8364743,-4.2724237
G1 5HD,55.8569506,-4.2468384
EH8 8BG,55.9518711,-3.1834713
AB10 1FQ,57.1481999,-2.1026965
G52 3RX,55.8400425,-4.3390449
G20 6AR,55.8801956,-4.2813261
G3 6RN,55.8667154,-4.2603327
G12 9YG,55.874095,-4.2971622
IV15 9HU,57.5967183,-4.4233848
EH1 2JU,55.9475172,-3.1969975
EH23 4SH,55.8174814,-3.0944038
IV15 9HU,57.5967183,-4.4233848
ME13 8PR,51.3141957,0.8895363
G3 6NG,55.8725539,-4.2790234
G51 1DA,55.8580248,-4.2909241
G2 4QE,55.8627958,-4.2623424
G1 5HZ,55.8549026,-4.2497241
IV2 7PA,57.4819705,-4.1858866
IV2 5AT,57.4767549,-4.1379207
G1 3NU,55.8599876,-4.2552277
EH6 6BZ,55.9732373,-3.1723143
EH26 9NF,55.7902839,-3.3401251
NW1 1HS,51.5296978,-0.1298805
IV3 5PR,57.4777195,-4.2295522
G2 3JD,55.8660324,-4.2661907
IV4 7LT,57.3450047,-4.7571805
EH4 4DA,55.9707559,-3.2430594
PA60 7XZ,55.8818417,-5.9034394
AB42 5EL,57.5230918,-2.0007533
EH11 2RL,55.9371941,-3.2422563
EH30 9XE,55.9896656,-3.4167345
DG2 7AF,55.0673825,-3.6195689
EH3 6TQ,55.9573511,-3.2085771
G66 7EP,55.9729476,-4.1895981
PA12 4LA,55.8044124,-4.6240796
EH49 7DU,55.9755262,-3.6082338
G20 6DW,55.8788122,-4.2832274
EH6 5BZ,55.9658594,-3.1771216
TD8 6JN,55.4729441,-2.550898
DD2 2NP,56.4640259,-2.9957248
EH3 7EH,55.9499386,-3.2176503
G41 2BW,55.8349332,-4.2746016
G42 8LY,55.8365068,-4.2677462
G75 8XE,55.7543733,-4.2247747
EH8 9LN,55.9425346,-3.1872693
EH6 5AT,55.9655669,-3.1832646
G1 5HZ,55.8549026,-4.2497241
PH24 3BP,57.2443416,-3.757136
DD1 1PB,56.4576666,-2.9762811
ML8 5HB,55.7423172,-3.8791265
DD1 1PB,56.4576666,-2.9762811
G1 5HD,55.8569506,-4.2468384
G1 5HZ,55.8549026,-4.2497241
G1 5HZ,55.8549026,-4.2497241
G1 5HZ,55.8549026,-4.2497241
G3 8ND,55.8643224,-4.2838153
HS1 2RF,58.2066582,-6.3769561
AB10 1FQ,57.1481999,-2.1026965
EH4 4BA,55.9691626,-3.2433448
IV3 5SA,57.4730875,-4.230821
EH1 2JU,55.9475172,-3.1969975
G76 8SE,55.7777642,-4.2687171
EH20 9LH,55.8780988,-3.1628594
DG8 9JH,54.8685606,-4.4414072
G20 6BP,55.8791883,-4.278453
G31 2SN,55.8594609,-4.2124666
EH10 4DE,55.9352199,-3.2104011
EH54 6LQ,55.8902613,-3.5078029
EH1 2JU,55.9475172,-3.1969975
EH8 8ER,55.9542633,-3.1672402
G42 0AA,55.8264529,-4.2415985
G42 8BG,55.8341822,-4.2661097
G42 8XN,55.8356424,-4.2629527
G2 8DL,55.8583755,-4.2583462
WC2R 1LA,51.5107324,-0.1169377
G77 6RD,55.7803823,-4.3442231
SW1Y 5AH,51.5066303,-0.1303352
EH22 3ZG,55.8872907,-3.0390359
EH8 8EX,55.9550928,-3.1669448
EH9 3EH,55.9284518,-3.179108
SE6 2NW,51.4382696,-0.0128687
G41 2PE,55.840671,-4.2670943
G41 4NB,55.8365572,-4.2781461
IV44 8RQ,57.0860237,-5.8799656
IV44 8RQ,57.0860237,-5.8799656
N1 7NW,51.529752,-0.0891638
WC2N 5AP,51.5070457,-0.1242516
EH8 8DT,55.9514249,-3.1784611
FK19 8NY,56.3583647,-4.3583172
ML8 5HB,55.7423172,-3.8791265
EH2 2HT,55.9536544,-3.1988366
PA3 2EQ,55.8514693,-4.4260891
EH8 8DL,55.9531093,-3.1864559
G13 3TG,55.8895407,-4.3675477
G2 6LY,55.8608211,-4.2592712
ML12 6EY,55.619848,-3.5318311
EH8 9LN,55.9425346,-3.1872693
KW3 6BT,58.3018509,-3.3045705
EH9 1TP,55.9380146,-3.1910212
EH7 4PH,55.9637725,-3.1811112
AB54 8BR,57.447551,-2.7857521
AB54 4JN,57.2871424,-2.8739543
EC1R 0LU,51.5247289,-0.1060243
PA37 1QA,56.4511526,-5.4407411
EC1R 3BX,51.5228648,-0.1080909
SW1Y 5AH,51.5066303,-0.1303352
EH3 5HE,55.9619863,-3.1985976
EH1 3LR,55.9584391,-3.1863146
EH1 1QS,55.9497989,-3.1887087
PA5 8HB,55.8364342,-4.5048981
G1 5HD,55.8569506,-4.2468384
G3 6RB,55.8656396,-4.2611652
DD1 1PB,56.4576666,-2.9762811
HS1 2LD,58.2170405,-6.3784067
EH11 2EB,55.9424252,-3.2214333
AB24 2WB,57.1724009,-2.1308115
TD6 0SA,55.5775681,-2.6738752
G66 1AD,55.9415554,-4.1590494
PA1 2BA,55.8448631,-4.4324667
EH7 5HY,55.9596614,-3.1806656
G3 6HB,55.8692696,-4.2738919
G3 8ND,55.8643224,-4.2838153
G41 2DF,55.8353793,-4.2791472
EH8 9LE,55.9444354,-3.186767
EH12 5JU,55.946492,-3.2199921
ML10 6HE,55.676797,-4.0779217
EH3 7AA,55.9475425,-3.2146127
EH10 4LW,55.9393609,-3.2105303
G51 2UH,55.8532601,-4.3059024
EH21 6PF,55.9355037,-3.0690276
DD1 4LN,56.4565957,-2.9787849
EH35 5JB,55.9132671,-2.9434029
G11 5HG,55.8732332,-4.2980705
G12 9SZ,55.8799389,-4.3114497
G20 8NT,55.8812996,-4.2847965
G3 7DB,55.8649916,-4.274377
G41 5HH,55.844375,-4.2859676
ML10 6EQ,55.6808016,-4.0786749
IV40 8BU,57.2814289,-5.7206698
G66 3AD,55.9351561,-4.1487985
FK2 9DY,56.0029856,-3.7628192
EH7 5LX,55.9620297,-3.1726001
AB11 9QB,57.1386977,-2.0748463
EH10 5JR,55.9240622,-3.2192712
KY3 9SR,56.0666054,-3.1768979
EH10 4PU,55.9290167,-3.2098075
EH9 3AB,55.9288579,-3.1808009
EH3 5EU,55.9616776,-3.1989245
EH3 9LH,55.9413956,-3.2037092
KW3 6AH,58.2995374,-3.2864508
SW1Y 5AH,51.5066303,-0.1303352
G1 5HZ,55.8549026,-4.2497241
EH1 1BP,55.9507364,-3.1902588
EH3 7LB,55.948646,-3.2129658
EH15 2AU,55.9523942,-3.1118844
EH3 5DQ,55.9599764,-3.2010663
DG3 4JD,55.2038634,-4.0145334
G40 4LS,55.8490116,-4.2222728
G41 4NB,55.8365572,-4.2781461
G41 5HH,55.844375,-4.2859676
EH1 3SA,55.9587387,-3.1906486
EH1 1NY,55.9504702,-3.1899143
IV1 1LU,57.4804102,-4.2267802
EH2 2HT,55.9536544,-3.1988366
EH6 8RG,55.9645964,-3.1738792
EH3 9JJ,55.9431985,-3.2003548
EH6 5HZ,55.9715957,-3.173915
G1 1LQ,55.8576767,-4.2439881
G52 3AY,55.8404368,-4.3372158
DD2 2LJ,56.4638772,-2.9929781
EH23 4NS,55.8527434,-3.0111173
G20 6BP,55.8791883,-4.278453
G3 6RB,55.8656396,-4.2611652
G2 3JD,55.8660324,-4.2661907
G31 3DJ,55.8635905,-4.2137243
DG2 0JT,55.1325179,-3.7429587
EH3 9AG,55.9430878,-3.2089173
PH16 5DR,56.6979763,-3.7351986
DD1 1PB,56.4576666,-2.9762811
EH3 9LQ,55.9418716,-3.2028114
DG1 2BH,55.0688916,-3.6108282
G2 6PH,55.8608659,-4.2582989
EH1 3NX,55.9597234,-3.1854409
G12 9EP,55.8747168,-4.3038014
PA75 6PB,56.6225569,-6.0704369
PA45 5TT,48.6583469,13.723325
EH1 2QB,55.9476685,-3.1925185
G41 3BS,55.8300218,-4.2782269
G33 1RT,55.897439,-4.1980574
G2 3JD,55.8660324,-4.2661907
ZE2 9HH,59.9998108,-1.2464559
DG1 2BH,55.0688916,-3.6108282
IV1 1JJ,57.47727,-4.2249877
G42 9XG,55.8279488,-4.2566138
NE1 4BR,54.9701059,-1.6224653
EH6 8SE,55.9635908,-3.1775653
IV51 9EU,57.4061939,-6.20066
PH41 4PX,57.0061495,-5.8301733
PH38 4NG,56.8317616,-5.8315829
IV22 2LW,57.8061543,-5.6705962
KW15 1BD,58.9756569,-2.9670302
DG7 3RN,55.0729795,-4.1410476
IV14 9DL,57.5877437,-4.536299
EH45 8AD,55.6521979,-3.1882236
G46 6UG,55.7977012,-4.3019302
EH21 6AA,55.9431458,-3.0559971
IV36 3TZ,57.6522987,-3.5933627
KA1 3BN,55.6097001,-4.49418
IV52 8TL,57.3403421,-5.6468388
IV44 8RQ,57.0860237,-5.8799656
PA75 6QB,56.6062909,-6.0478132
IV1 1LU,57.4804102,-4.2267802
IV63 6XP,57.3383866,-4.4656641
EH10 4ED,55.9357678,-3.2076808
PA31 8JA,56.1841749,-5.5386339
PH36 4JA,56.7041162,-5.5710518
TD6 9LJ,55.6005097,-2.7224991
G1 1TS,55.8589398,-4.2501173
IV3 5AN,57.4715088,-4.2463519
EH21 6JH,55.945375,-3.059036
EH2 2PR,55.9532071,-3.194931
G11 5LP,55.8735754,-4.3095527
DD2 3TP,56.4880461,-3.0140228
EH34 5ET,55.8899885,-2.891258
G1 5BL,55.8550557,-4.2457703
EH11 4SF,55.9246936,-3.2723274
G73 5DF,55.813878,-4.1978756
G3 6RB,55.8656396,-4.2611652
EH6 6BZ,55.9732373,-3.1723143
EH1 2DP,55.9485126,-3.2054994
EH2 4AT,55.9512934,-3.2050573
G11 6EL,55.8696907,-4.3120554
WC1X 9AW,51.529003,-0.1106478
PH41 4PL,57.0405159,-5.6977751
EH6 8RG,55.9645964,-3.1738792
EH8 9DB,55.9446907,-3.1854458
G1 5HZ,55.8549026,-4.2497241
AB10 1FQ,57.1481999,-2.1026965
G71 8PR,55.8088346,-4.0748837
EH5 1EY,55.9803691,-3.2216196
FK8 1NS,56.1241759,-3.9383483
G3 6HP,55.8692913,-4.2722308
ML1 3BZ,55.7891623,-3.9939576
EH9 1JT,55.9392658,-3.191716
DD1 1DU,56.4631582,-2.9714398
G1 1NQ,55.8589853,-4.2451662
EH8 9FT,55.9466501,-3.1863224
AB24 5AT,57.14976,-2.0951313
W5 5EP,51.5088099,-0.3070051
HS8 5SS,57.1651202,-7.3721797
SW16 5LJ,51.4172415,-0.1318708
EH26 8LS,55.8235937,-3.2193025
G12 9QZ,55.8776627,-4.3072694
EH26 8LS,55.8235937,-3.2193025
PA60 7XZ,55.8818417,-5.9034394
AB24 5UA,57.1661335,-2.0983316
PH10 9AD,56.5886033,-3.3343329
SW1A 2BN,51.5069986,-0.1297437
SW10 9QY,51.487997,-0.1800137
G20 8NG,55.8860747,-4.2846455
EH2 1AW,55.9552877,-3.1944185
EH10 4LU,55.9362808,-3.2103381
EH3 9BZ,55.9464299,-3.2062193
AB54 8BR,57.447551,-2.7857521
G3 8PX,55.864039,-4.2918057
W1T 3AB,51.518402,-0.1371465
TD14 5LN,55.8482497,-2.2235517
PA3 2EQ,55.8514693,-4.4260891
EH8 9PH,55.9398284,-3.1771323
IV2 5BD,57.456295,-4.1564136
EH45 9HF,55.6424302,-3.1891512
G4 9LD,55.8687216,-4.2646211
G51 1HD,55.8545131,-4.2791812
G14 0DE,55.8792712,-4.3537796
G11 7DH,55.882285,-4.3257401
IV2 6AA,57.4538439,-4.2117786
EH8 8BG,55.9518711,-3.1834713
IV3 8QG,57.475037,-4.2575936
G2 2XD,55.8638997,-4.2594979
EH8 8DT,55.9514249,-3.1784611
G4 9AP,55.8718866,-4.27283
EH52 6PZ,55.9797615,-3.4840863
G1 1TS,55.8589398,-4.2501173
G52 3RX,55.8400425,-4.3390449
EH3 9DT,55.9462929,-3.2027723
G1 1TS,55.8589398,-4.2501173
G41 2EY,55.8332823,-4.2773637
EH13 0BQ,55.9066148,-3.25126
DD1 1PB,56.4576666,-2.9762811
G3 6NG,55.8725539,-4.2790234
G3 8LD,55.8634818,-4.2821358
G3 8SB,55.8668085,-4.2936631
G2 3JD,55.8660324,-4.2661907
IV11 8YR,57.6806818,-4.0364988
EH2 4AT,55.9512934,-3.2050573
EH1 1SR,55.950789,-3.1847995
SY20 8LW,52.6061334,-3.7314704
KY3 9ST,56.0683867,-3.1747837
KA12 0NF,55.6175875,-4.6577818
EH7 5SU,55.9573919,-3.1670621
SE14 6NW,51.4741437,-0.0354011
G5 9DS,55.8509272,-4.2528334
DD8 2ZW,56.7507203,-2.9753168
EH2 2HT,55.9536544,-3.1988366
TD9 8SH,55.484896,-2.6479389
G51 2LY,55.856752,-4.3013315
EH55 8LH,55.7965921,-3.5897145
IV15 9WJ,57.5948958,-4.4242342
G2 3DB,55.8661446,-4.2576464
EH1 1DF,55.9512602,-3.1899866
EH4 3DR,55.9510401,-3.2252758
S1 2BJ,53.3800107,-1.4629301
EH4 6DW,55.9667095,-3.3160342
EH3 9DF,55.9458386,-3.1996038
EH6 8RG,55.9645964,-3.1738792
EH6 4DQ,55.973593,-3.1867785
IV15 9HU,57.5967183,-4.4233848
DG1 2BL,55.0637215,-3.5549886
G41 5HH,55.844375,-4.2859676
EH1 2JU,55.9475172,-3.1969975
DG8 9JH,54.8685606,-4.4414072
EH23 4NS,55.8527434,-3.0111173
AB54 6HX,57.4437332,-2.7726918
G83 8RT,56.0388277,-4.5289999
G2 3JD,55.8660324,-4.2661907
G11 5DX,55.8733489,-4.305335
DD1 1PB,56.4576666,-2.9762811
LE1 1RE,52.6345541,-1.127991
FK9 4LA,56.1492131,-3.9267942
AB10 1FQ,57.1481999,-2.1026965
IV3 5SA,57.4730875,-4.230821
G1 5HZ,55.8549026,-4.2497241
EH1 2JU,55.9475172,-3.1969975
IV7 8JA,57.5673296,-4.362501
G1 5HZ,55.8549026,-4.2497241
EH8 9DW,55.9467446,-3.1849001
G2 4NJ,55.8640813,-4.2672118
EH6 6BZ,55.9732373,-3.1723143
G51 2QJ,55.8566241,-4.2999977
G73 5DF,55.813878,-4.1978756
G41 2DZ,55.8330748,-4.2783736
G2 3JD,55.8660324,-4.2661907
G11 5DX,55.8733489,-4.305335
EH12 5QL,55.9439583,-3.2504306
PH36 4JX,56.7616003,-5.7634749
PA3 2EQ,55.8514693,-4.4260891
G41 4QL,55.8392315,-4.2773922
IV44 8RQ,57.0860237,-5.8799656
G3 8PX,55.864039,-4.2918057
EH6 4BA,55.977048,-3.183503
EH7 5QZ,55.9609179,-3.1666717
G73 5DF,55.813878,-4.1978756
EH1 2QE,55.9471267,-3.1918614
G2 6LY,55.8608211,-4.2592712
G3 6DF,55.8683856,-4.2789231
EH3 6LB,55.9569571,-3.1946141
EH22 4LF,55.8668885,-3.0651921
EH53 6AE,55.8926461,-3.4693386
G1 5HD,55.8569506,-4.2468384
G2 8DL,55.8583755,-4.2583462
AB54 8BR,57.447551,-2.7857521
G1 1NQ,55.8589853,-4.2451662
G1 2ER,55.8608422,-4.2537111
G4 0UL,55.8603424,-4.2387564
G2 3JD,55.8660324,-4.2661907
G1 1LQ,55.8576767,-4.2439881
G3 7TZ,55.8664113,-4.2879657
G41 4LX,55.8380833,-4.2763028
EH22 2QD,55.8873723,-3.03285
EH5 1JD,55.9815532,-3.2335491
G31 2QA,55.8618857,-4.2175586
E8 2LT,51.549162,-0.0734656
G42 9RD,55.8239136,-4.2663745
ML3 6PD,55.773835,-4.0434624
G4 9XA,55.8756443,-4.2542172
G61 1NY,55.9077931,-4.3380036
AB23 8AQ,57.1860835,-2.0877637
EH3 5LR,55.9666681,-3.2050066
G12 9HZ,55.8763406,-4.3063596
KY1 4AQ,56.1676296,-3.1459419
IV15 9UQ,57.6058941,-4.4405854
EH39 4BL,56.0573511,-2.7364641
PH1 5HZ,56.3976944,-3.4292645
EH6 6JL,55.9787619,-3.1686833
EH11 1SH,55.9337302,-3.228363
EH3 5HZ,55.9616827,-3.2085199
G42 8XN,55.8356424,-4.2629527
AB25 1GL,57.1481531,-2.1049441
DG3 4JD,55.2038634,-4.0145334
AB54 4EU,57.3670818,-3.0287306
BB4 7HB,53.6924714,-2.2556504
EH45 8AD,55.6521979,-3.1882236
G11 6NX,55.8702894,-4.2978486
EH2 4HR,55.9528765,-3.2067241
G11 5LP,55.8735754,-4.3095527
EH34 5BG,55.931167,-2.8737967
EH22 4LF,55.8668885,-3.0651921
IV26 2XE,57.8979258,-5.1592524
G1 1NQ,55.8589853,-4.2451662
G41 2AN,55.8369459,-4.2712215
G51 2QJ,55.8566241,-4.2999977
KW1 4UD,58.5431371,-3.2037794
G3 7BW,55.8651895,-4.2724227
PH42 4RL,56.9018803,-6.1427488
PA31 8QN,56.181377,-5.5361837
EH7 5HY,55.9596614,-3.1806656
PH8 0DS,56.5580064,-3.5770717
IV36 3TB,57.654954,-3.5893898
IV63 6XP,57.3383866,-4.4656641
FK1 1YR,55.9944391,-3.7672562
G31 1DL,55.8586348,-4.2179166
HS1 2LD,58.2170405,-6.3784067
EH9 1QH,55.9399588,-3.1822754
IV26 2UN,57.8979137,-5.1561285
DG1 2BJ,55.0682309,-3.6098151
EH8 8BG,55.9518711,-3.1834713
EH1 1QS,55.9497989,-3.1887087
EH8 8EG,55.9546384,-3.1722164
PH1 5UW,56.3972158,-3.4318064
KW14 8AJ,58.5956504,-3.5188049
EH1 3LR,55.9584391,-3.1863146
G2 3NY,55.8646734,-4.2525906
EH1 1EG,55.9484594,-3.1924948
IV2 5GH,57.4726144,-4.1719852
FK8 3BZ,56.1243414,-4.0896404
EH26 8LS,55.8235937,-3.2193025
EH14 5DL,55.9056178,-3.278341
EH3 9LQ,55.9418716,-3.2028114
G20 6AG,55.8804539,-4.2775679
EC2Y 8DS,51.5198117,-0.0939186
G41 3JS,55.8268871,-4.2824824
IV15 9QP,57.5949212,-4.4201023
G1 5HZ,55.8549026,-4.2497241
EH1 2HR,55.9468202,-3.195679
EH6 8DF,55.9667447,-3.161464
EH5 3BS,55.9792666,-3.1993886
EH6 6BZ,55.9732373,-3.1723143
IV26 2WY,58.0227522,-5.3487758
EH30 9PZ,55.9856679,-3.3937946
EH4 3BY,55.9517682,-3.2216314
G11 5JE,55.8741376,-4.2987314
KY15 7AF,56.2541116,-3.2173657
PA3 2EQ,55.8514693,-4.4260891
G2 2XD,55.8638997,-4.2594979
KA6 6ES,55.4275791,-4.543786
G3 6RB,55.8656396,-4.2611652
TD6 9LJ,55.6005097,-2.7224991
G4 0HW,55.8669013,-4.2551011
G82 2RJ,55.9487202,-4.571254
IV1 1LU,57.4804102,-4.2267802
EH6 6BZ,55.9732373,-3.1723143
PA28 6LG,55.4181057,-5.612155
EH3 1DE,55.9583598,-3.2037863
ML12 6LJ,55.5990295,-3.595014
G2 3JD,55.8660324,-4.2661907
EH6 8RQ,55.964102,-3.1738963
EH3 5HX,55.9617545,-3.2076091
G12 8LL,55.8741051,-4.2845497
EH7 5RJ,55.9597143,-3.1713607
PA4 0RJ,55.8640793,-4.4036527
G41 2RG,55.8441061,-4.2752653
EH8 9DW,55.9467446,-3.1849001
G2 8DL,55.8583755,-4.2583462
G2 8DL,55.8583755,-4.2583462
PA75 6QB,56.6062909,-6.0478132
EH42 1NP,55.999051,-2.5376947
G11 5QP,55.8712586,-4.3012947
G42 7PN,55.8399198,-4.2561416
EH11 1RH,55.931807,-3.2292945
TD7 4LP,55.5479294,-2.8390261
IV17 0YB,57.7192555,-4.2738107
KW14 7YN,58.570145,-3.9324438
EH1 1LT,55.9480978,-3.1852777
G2 8DL,55.8583755,-4.2583462
G4 0RH,55.8624613,-4.2364013
EH8 9DW,55.9467446,-3.1849001
EH3 9AX,55.9469889,-3.204187
DD1 1PB,56.4576666,-2.9762811
IV3 5SA,57.4730875,-4.230821
G5 9DS,55.8509272,-4.2528334
EH10 4ED,55.9357678,-3.2076808
ML5 3BT,55.8637307,-4.0218128
PH2 8EP,56.3956715,-3.4371435
KW3 6BN,58.3077937,-3.2854024
G82 2RJ,55.9487202,-4.571254
PA34 4HP,56.4104938,-5.4708793
KY7 5NX,56.1958472,-3.1760987
IV4 7HT,57.4142212,-4.4596706
IV63 6XP,57.3383866,-4.4656641
G1 5HB,55.8567943,-4.2460464
EH6 8RG,55.9645964,-3.1738792
IV4 7LP,57.3445169,-4.765073
PH15 2HS,56.5699243,-4.0257361
G3 8QG,55.8637041,-4.2981948
G34 9JW,55.8676389,-4.1185516
KY16 9LA,56.3390772,-2.7913821
EH8 8DT,55.9514249,-3.1784611
EH21 6AA,55.9431458,-3.0559971
EH3 9DF,55.9458386,-3.1996038
PH1 5HZ,56.3976944,-3.4292645
G2 3AU,55.8654483,-4.2549369
G3 6UJ,55.8666277,-4.2704609
DD10 0ES,56.7938816,-2.3370682
KY15 7RJ,56.3147447,-3.1358114
G3 7JB,55.865192,-4.280542
G4 9RH,55.8710862,-4.2591961
EH1 1SR,55.950789,-3.1847995
DD2 3TP,56.4880461,-3.0140228
HS2 9HB,58.118924,-7.1102235
EH3 5AN,55.95765,-3.2074172
G2 3JD,55.8660324,-4.2661907
AB53 4BZ,57.5404015,-2.4539482
EH7 5HZ,55.9595918,-3.1794942
G51 2QG,55.8578081,-4.3044461
EH3 9JH,55.9434656,-3.2024445
IV1 3ZF,57.5306657,-4.2530812
G2 3JD,55.8660324,-4.2661907
DD1 1QP,56.4603264,-2.9773717
DG7 3TJ,55.2510251,-4.3204383
EH3 5HZ,55.9616827,-3.2085199
HS5 3UA,57.7676671,-7.0159189
PH1 5JS,56.3970068,-3.4265492
G41 5LJ,55.8454283,-4.309448
DG8 9JH,54.8685606,-4.4414072
DG1 1JQ,55.0740757,-3.6075437
G3 6HP,55.8692913,-4.2722308
G1 5ES,55.8572176,-4.2445209
EH15 2AY,55.9530276,-3.1113901
EH41 4DA,55.9517987,-2.7741252
ZE1 0EL,60.1533978,-1.1466162
G1 5ES,55.8572176,-4.2445209
G4 9RH,55.8710862,-4.2591961
G1 5HZ,55.8549026,-4.2497241
G41 2PE,55.840671,-4.2670943
IV36 3TA,57.6535336,-3.5901824
G1 5HZ,55.8549026,-4.2497241
EH6 5HZ,55.9715957,-3.173915
KY12 7JA,56.0718859,-3.4536958
AB11 5BE,57.1465473,-2.0907932
G20 6DB,55.8794991,-4.2839872
FK17 8EA,56.2446843,-4.2160157
EH6 6RH,55.9748875,-3.1726366
EH44 6PW,55.6083464,-3.0639816
PH25 3DL,57.2559395,-3.6382108
G62 7PR,55.9417774,-4.3302989
KY8 4RP,56.1982606,-3.0020752
AB34 4XD,57.1419867,-2.9010172
G4 0HW,55.8669013,-4.2551011
KY16 9LA,56.3390772,-2.7913821
G41 2LH,55.8406514,-4.2725397
G51 2QJ,55.8566241,-4.2999977
EH7 6AE,55.955697,-3.1523882
EH3 6NY,55.9580636,-3.191701
EH3 9DF,55.9458386,-3.1996038
EH3 6RQ,55.9589029,-3.2005846
G3 6RB,55.8656396,-4.2611652
IV44 8RQ,57.0860237,-5.8799656
